{"cameraMode":{"drawMode":0,"name":"Shaded","section":"Shading Mode"},"sceneLighting":true,"audioPlay":false,"sceneViewState":{"m_AlwaysRefresh":false,"showFog":true,"showSkybox":true,"showFlares":true,"showImageEffects":true,"showParticleSystems":true,"showVisualEffectGraphs":true,"m_FxEnabled":true},"in2DMode":false,"pivot":{"x":-20.430316925048829,"y":2.0833566188812258,"z":-32.616790771484378},"rotation":{"x":-0.28542324900627139,"y":0.3199370503425598,"z":-0.10162485390901566,"w":-0.8977208733558655},"size":54.242156982421878,"orthographic":true}